original,prediccion
tras su lanzamiento ha recibido positivas reseñas por parte de la crtica especializada,tras 
las hojas se secan a la sombra en un lugar aireado,las hojas se secan a a sombra en un lugar aireado
por este motivo no pudo integrar la seleccin de su pas,por este motivo no pudo integrar la seleccin de su pk
es profundo y navegable sin problemas a medio canal,es profundo y navegable sin problemas a medio canal
pretenda recoger la herencia de revistas como la codorniz o el hermano lobo,pretenda recoger la herencia de revistas como la codorniz o el hermano lok
black emperor con el consenso colectivo de sus miembros,black emperor con el consenso colectivo de sus miembros
las abuelas de plaza de mayo aparecen en escenas de la pelcula,las abuelas de plaza de mayo aparecen en escenas de la pelcula
descendieron los dos equipos que tenan peor promedio,descendieron los dos equipos que tenan peor promedio
actualmente dirige al palermo de la serie b de italia,actualmente dirige al palermo de la serie b de italio
presenta planta rectangular con fbrica de mampostera reforzada en las esquinas por pequeños sillares,presenta planta rectangular con fbrica de mampostera reforzada en las esquinas por pequeños sillares
todos estos factores hacen que la precisin de las ecuaciones reportadas arriba disminuya,todos 
las referencias en la edad media a esta comarca son diversas,las referencias en la edad media a esta comarca son diversas
una vez haya alcanzado su doble ser un asesino durante el resto del juego,una vez haya alcanzado su doble ser un asesino durante el resto del juego
en este caso tenemos que escribir aquella pgina al disco,en este caso tenemos que escribir aquella pgina al disco
el nombre significa montones de hojas aka en la lengua maor,el nombre significa montones de hojas aka en la lengua mao
pas gran parte de su tiempo pescando,pas gran parte de su tiempo pescando
en el rea residen varias especies de aves marinas entre las que destacan pinginos,en el rea residen varias especies de aves marinas entre las que destacan pingino
dependiendo de los autores se le atribuan distintas genealogas,dependiendo de los autores se le atribuan distintas genealogas
entre las entrevista realizadas fueron camilo sesto pandora y yuri,entre las entrevista realizadas fueron camilo sesto pandora y yuro
se ubica en la localidad burgalesa de covarrubias en castilla y len,se ubica en la localidad burgalesa de covarrubias en castilla y len
